"scientific_name","individual_id","Culmen_length","sex","Maxdist","date.start","date.end","duration","mean.lat","long.trip","short.trip","land.percent"
"Northern Giant Petrel","NGP01_092017",88.7,"Female",660.589839062759,2017-09-30 05:18:31,2017-10-05 05:09:49,4.99395833333333,-43.3781328891667,"Y","N",1.69491525423729
"Northern Giant Petrel","NGP01_26092016",89.6,"Female",1804.98825347426,2016-09-28 12:32:32,2016-10-07 14:50:36,9.09587962962963,-40.5284130362385,"Y","N",10.6481481481481
"Northern Giant Petrel","NGP01_KD_SEP_2015",100.1,"Male",13.1745085697543,2015-09-17 15:38:30,2015-09-22 07:13:56,4.64960648148148,-46.9611200724638,"N","Y",55.2727272727273
"Northern Giant Petrel","NGP02_092017",106.1,"Male",42.6781067541869,2017-09-30 02:41:29,2017-10-05 00:09:18,4.89431712962963,-46.9578047872881,"N","Y",57.7586206896552
"Northern Giant Petrel","NGP02_26092016",95.7,"Female",1924.33516807259,2016-09-28 02:58:18,2016-10-09 14:52:09,11.4957291666667,-40.5716997423358,"Y","N",0
"Northern Giant Petrel","NGP03_26092016",102.4,"Male",8.69628367566114,2016-09-30 04:38:03,2016-10-07 09:28:31,7.20171296296296,-46.9656794878613,"N","Y",29.8245614035088
"Northern Giant Petrel","NGP03_KD_SEP_2015",102.9,"Male",1221.25694298443,2015-09-17 11:18:27,2015-09-28 07:09:32,10.8271412037037,-39.4125695,"Y","N",2.51396648044693
"Northern Giant Petrel","NGP04_26102016",88.7,"Female",1723.95445279383,2016-10-01 02:55:06,2016-10-08 15:05:42,7.50736111111111,-42.6190784727778,"Y","N",0.561797752808989
"Northern Giant Petrel","NGP04_KD_SEP_2015",99.3,"Male",4.09450092727443,2015-09-18 08:09:11,2015-09-20 12:46:02,2.19225694444444,-46.9650765333333,"N","Y",26.027397260274
"Northern Giant Petrel","NGP05_092017",99.9,"Male",1137.63173061691,2017-09-30 11:41:17,2017-10-07 08:26:13,6.86453703703704,-46.2237228557576,"Y","Y",45.679012345679
"Northern Giant Petrel","NGP05_26102016",108.1,"Male",231.277101654833,2016-09-28 05:42:07,2016-10-06 03:50:02,7.92216435185185,-45.9152718326316,"Y","N",7.97872340425532
"Northern Giant Petrel","NGP05_KD_SEP_2015",103.9,"Male",1609.66533435202,2015-09-22 16:10:20,2015-09-30 15:13:19,7.96040509259259,-42.8739260948905,"Y","N",4.04411764705882
"Northern Giant Petrel","NGP06_092017",87.1,"Female",631.157407265252,2017-10-04 13:41:10,2017-10-10 10:28:50,5.86643518518519,-43.6273796056738,"Y","N",5.75539568345324
"Northern Giant Petrel","NGP06_26102016",88.5,"Female",538.964604971131,2016-09-28 04:53:33,2016-10-09 03:34:58,10.9454282407407,-45.5582528793893,"Y","N",5.16431924882629
"Northern Giant Petrel","NGP06_KD_SEP_2015",92.5,"Female",1817.21957180016,2015-09-20 13:43:48,2015-09-30 10:24:49,9.86181712962963,-41.6124032183908,"Y","N",13.0057803468208
"Northern Giant Petrel","NGP07_26102016",107.6,"Male",8.49423954275327,2016-09-29 06:07:33,2016-10-06 05:59:03,6.99409722222222,-46.9615452261905,"N","Y",60.4938271604938
"Northern Giant Petrel","NGP08_092017",87.4,"Female",1665.60479076129,2017-10-01 06:02:25,2017-10-07 20:03:53,6.58435185185185,-39.378708493038,"Y","N",0.641025641025641
"Northern Giant Petrel","NGP08_26102016",109.7,"Male",615.777141610195,2016-09-27 11:05:52,2016-10-13 08:13:40,15.8804166666667,-47.8986500886842,"Y","Y",11.1111111111111
"Northern Giant Petrel","NGP08_KD_SEP_2015",90.4,"Female",1750.66376706632,2015-09-20 09:16:17,2015-09-30 16:52:22,10.316724537037,-41.5347797443182,"Y","Y",2.33918128654971
"Northern Giant Petrel","NGP09_092017",91.7,"Female",1056.64904128066,2017-09-30 14:31:37,2017-10-05 02:10:53,4.48560185185185,-45.0024700157407,"Y","N",0
"Northern Giant Petrel","NGP09_26102016",90.7,"Female",1754.29339953208,2016-09-26 11:11:38,2016-10-05 10:40:09,8.97813657407407,-40.2858828562791,"Y","N",1.87793427230047
"Northern Giant Petrel","NGP09_KD_SEP_2015",102.5,"Male",69.1990013630913,2015-09-24 09:25:25,2015-10-02 17:57:57,8.35592592592593,-46.9610412662338,"Y","Y",75.0819672131148
"Northern Giant Petrel","NGP10_092017",88.9,"Female",514.489201968803,2017-09-28 02:29:48,2017-10-05 09:17:16,7.28296296296296,-46.4689549885714,"Y","Y",40.7692307692308
"Northern Giant Petrel","NGP11_092017",92,"Female",1413.24536180373,2017-09-28 14:34:41,2017-10-04 16:33:40,6.08262731481481,-39.2237183020548,"Y","N",0.694444444444444
"Northern Giant Petrel","NGP11_26102016",113.9,"Male",9.34132209275722,2016-09-30 15:45:48,2016-10-12 10:39:08,11.787037037037,-46.9548269939286,"N","Y",73.6434108527132
"Northern Giant Petrel","NGP11_KD_SEP_2015",107.7,"Male",984.766246607826,2015-10-07 11:28:34,2015-10-14 10:21:55,6.95371527777778,-43.3754404375,"Y","N",10.7594936708861
"Northern Giant Petrel","NGP12_092017",85.3,"Female",1768.61031471579,2017-10-06 03:44:51,2017-10-19 06:58:00,13.1341319444444,-40.7478206597444,"Y","N",1.60771704180064
"Northern Giant Petrel","NGP12_26102016",90.6,"Female",234.945571160133,2016-10-03 14:49:35,2016-10-24 08:34:03,20.739212962963,-47.0021205552361,"Y","Y",32.6760563380282
"Northern Giant Petrel","NGP13_26102016",93.7,"Female",1310.75398784936,2016-09-28 01:48:58,2016-10-07 07:13:36,9.22543981481481,-43.1425939272727,"Y","N",0.458715596330275
"Northern Giant Petrel","NGP13_KD_SEP_2015",92.2,"Female",727.211943653997,2015-10-04 14:12:33,2015-10-15 14:22:02,11.0065856481481,-46.4593096564885,"Y","Y",8.88888888888889
"Northern Giant Petrel","NGP14_26102016",92.3,"Female",1806.14755131149,2016-10-02 03:14:25,2016-10-09 02:23:13,6.96444444444444,-39.7204343065868,"Y","N",0
"Northern Giant Petrel","NGP14_KD_SEP_2015",110,"Male",1424.20327399639,2015-10-04 04:33:29,2015-10-10 08:23:31,6.15974537037037,-49.8943178289474,"Y","N",1.33333333333333
"Northern Giant Petrel","NGP15_092017",87.4,"Female",1737.74927441648,2017-10-06 02:24:25,2017-10-13 08:36:44,7.25855324074074,-39.1312883701149,"Y","N",0.581395348837209
"Northern Giant Petrel","NGP15_26102016",87.2,"Female",1285.53072162987,2016-09-29 17:46:57,2016-10-07 17:11:57,7.97569444444444,-40.679148534555,"Y","Y",0
"Northern Giant Petrel","NGP15_KD_SEP_2015",105.4,"Male",25.5935114385103,2015-10-03 04:48:04,2015-10-10 18:44:52,7.58111111111111,-46.9301770652174,"N","Y",92.3076923076923
"Northern Giant Petrel","NGP16_092017",87.8,"Female",519.541959427036,2017-09-29 09:12:22,2017-10-04 15:06:02,5.24560185185185,-45.4518067741935,"Y","N",14.7540983606557
"Northern Giant Petrel","NGP16_26102016",93.8,"Female",1846.63083820427,2016-09-27 09:44:56,2016-10-08 07:34:27,10.9093865740741,-40.8126077655172,"Y","N",1.54440154440154
"Northern Giant Petrel","NGP16_KD_SEP_2015",92.2,"Female",1740.01214722476,2015-10-03 12:55:52,2015-10-12 13:51:28,9.03861111111111,-39.7537239622642,"Y","N",2.38095238095238
"Northern Giant Petrel","NGP17_092017",90.2,"Female",1523.05731653456,2017-09-27 11:31:02,2017-10-04 06:32:01,6.79234953703704,-38.1211752650307,"Y","N",1.24223602484472
"Northern Giant Petrel","NGP17_26102016",93.5,"Female",1422.33098161695,2016-09-29 04:11:42,2016-10-06 09:20:44,7.21460648148148,-42.3824071456647,"Y","N",0
"Northern Giant Petrel","NGP17_KD_SEP_2015",89.5,"Female",1802.88134064545,2015-10-04 20:51:47,2015-10-15 05:35:31,10.3637037037037,-44.0888411934156,"Y","Y",9.89583333333333
"Northern Giant Petrel","NGP18_KD_SEP_2015",92.7,"Female",96.6683213037993,2015-10-06 07:57:39,2015-10-11 17:30:04,5.39751157407407,-47.1609448780488,"Y","N",14.0495867768595
"Northern Giant Petrel","NGP19_27102016",91.3,"Female",1742.37974459598,2016-10-05 07:19:03,2016-10-12 13:35:57,7.26173611111111,-38.7031312183908,"Y","N",1.74418604651163
"Northern Giant Petrel","NGP19_KD_SEP_2015",NA,"Male",42.8208471651634,2015-10-03 11:02:11,2015-10-09 08:53:50,5.91086805555556,-46.9651151449275,"N","Y",32.3529411764706
"Northern Giant Petrel","NGP20_092017",85.6,"Female",1763.13187209257,2017-10-06 17:39:11,2017-10-21 10:25:55,14.6991203703704,-42.8133162272727,"Y","N",18.4738955823293
"Northern Giant Petrel","NGP20_26102016",91.3,"Female",1737.30765820464,2016-10-02 01:19:03,2016-10-11 09:42:44,9.34978009259259,-41.336498190625,"Y","N",4.5045045045045
"Northern Giant Petrel","NGP20_KD_SEP_2015",104.2,"Male",26.6182268156683,2015-10-04 12:05:17,2015-10-13 07:35:03,8.81233796296296,-46.9352931884058,"N","Y",84.8780487804878
"Northern Giant Petrel","NGP21_27102016",89.6,"Female",87.9919950785718,2016-10-05 13:29:03,2016-10-16 08:51:24,10.8071875,-47.007410280695,"Y","N",17.5097276264591
"Northern Giant Petrel","NGP22_102017",107,"Male",49.9352766639222,2017-10-19 10:33:00,2017-10-25 07:16:56,5.86384259259259,-46.9510928602941,"N","Y",54.0816326530612
"Southern Giant Petrel","SGP01_03102016",92.4,"Female",1341.29486350665,2016-10-03 06:32:01,2016-10-27 12:50:02,24.2625115740741,-50.1887942743501,"Y","N",0.219298245614035
"Southern Giant Petrel","SGP01_102017",89.2,"Female",643.278081617318,2017-10-05 00:44:33,2017-10-07 11:09:00,2.43364583333333,-49.4265644576271,"Y","N",0
"Southern Giant Petrel","SGP01_KD_SEP_2015",NA,"Male",12.5673183700992,2015-09-30 16:12:04,2015-10-04 16:45:05,4.02292824074074,-46.9638012631579,"N","Y",32.9113924050633
"Southern Giant Petrel","SGP02_102017",102.9,"Male",1480.3738484022,2017-10-07 07:17:14,2017-10-19 02:51:01,11.8151273148148,-54.2053935773852,"Y","N",0.711743772241993
"Southern Giant Petrel","SGP02_KD_SEP_2015",110.3,"Male",21.183308258782,2015-09-26 07:32:52,2015-10-07 18:57:51,11.4756828703704,-46.9636238202247,"N","Y",33.3333333333333
"Southern Giant Petrel","SGP03_KD_SEP_2015",103.4,"Male",10.1713691590591,2015-09-30 14:21:57,2015-10-03 17:31:28,3.1316087962963,-46.9617021917808,"N","Y",47.887323943662
"Southern Giant Petrel","SGP04_102017",87.9,"Female",1245.78457215749,2017-10-04 13:42:02,2017-10-11 05:38:14,6.66402777777778,-49.9003256883117,"Y","N",0
"Southern Giant Petrel","SGP04_KD_SEP_2015",92.3,"Female",1389.45913543781,2015-09-28 16:03:52,2015-10-06 05:50:03,7.57373842592593,-52.1608744827586,"Y","N",0.581395348837209
"Southern Giant Petrel","SGP05_102017",84.9,"Female",1524.57551243691,2017-10-03 13:37:03,2017-10-15 16:23:25,12.1155324074074,-53.5206410275862,"Y","N",0
"Southern Giant Petrel","SGP05_KD_SEP_2015",88,"Female",1909.48454350235,2015-10-01 05:37:40,2015-10-17 18:54:33,16.5533912037037,-52.4194409768638,"Y","Y",2.84974093264249
"Southern Giant Petrel","SGP06_03102016",93.4,"Female",1215.50319882322,2016-10-08 06:07:57,2016-10-19 02:14:31,10.8378935185185,-51.0973669548263,"Y","N",0
"Southern Giant Petrel","SGP06_102017",103.7,"Male",9.58397173610986,2017-10-06 09:40:23,2017-10-11 08:10:00,4.9372337962963,-46.965720797479,"N","Y",28.2051282051282
"Southern Giant Petrel","SGP06_KD_SEP_2015",105,"Male",13.175614461523,2015-10-01 20:53:03,2015-10-05 11:00:12,3.58829861111111,-46.9651328571429,"N","Y",45.945945945946
"Southern Giant Petrel","SGP07_03102016",93.3,"Female",1676.04329179156,2016-10-05 14:04:53,2016-10-13 02:24:12,7.51341435185185,-46.7232873994444,"Y","N",0.561797752808989
"Southern Giant Petrel","SGP07_102017",88.7,"Female",1245.31663599763,2017-10-09 12:11:49,2017-10-19 05:45:55,9.73201388888889,-47.5027781927039,"Y","N",0
"Southern Giant Petrel","SGP07_KD_SEP_2015",85.3,"Female",904.022173754124,2015-09-25 10:43:11,2015-10-02 08:16:49,6.89835648148148,-49.3768298136646,"Y","Y",1.29032258064516
"Southern Giant Petrel","SGP08_03102016",90.1,"Female",846.838143329362,2016-10-04 04:13:33,2016-10-14 18:29:38,10.5945023148148,-50.4507589571429,"Y","N",0.4
"Southern Giant Petrel","SGP08_102017",89.5,"Female",1305.60812798813,2017-10-09 11:29:49,2017-10-22 11:24:01,12.9959722222222,-50.3297753951768,"Y","N",1.10294117647059
"Southern Giant Petrel","SGP08_KD_SEP_2015",105.3,"Male",9.74999666957748,2015-09-28 10:27:57,2015-10-08 13:31:33,10.1275,-46.964791038961,"N","Y",30.2325581395349
"Southern Giant Petrel","SGP09_102017",NA,"Male",9.45160279240795,2017-10-20 02:43:59,2017-10-21 12:54:43,1.42412037037037,-46.9518000942857,"N","Y",64.5161290322581
"Southern Giant Petrel","SGP09_KD_SEP_2015",106.4,"Male",9.71601090337877,2015-10-05 05:38:52,2015-10-08 13:02:59,3.30841435185185,-46.9646852564103,"N","Y",60.5263157894737
"Southern Giant Petrel","SGP10_03102016",84,"Female",992.700493591964,2016-10-09 13:17:57,2016-10-16 23:41:19,7.43289351851852,-46.3768364870786,"Y","N",1.70454545454545
"Southern Giant Petrel","SGP10_KD_SEP_2015",103.7,"Male",14.9238070176599,2015-09-28 05:08:27,2015-10-10 06:38:41,12.062662037037,-46.9619893501805,"N","Y",45.7142857142857
"Southern Giant Petrel","SGP11_03102016",91.8,"Female",1756.65036059201,2016-10-12 17:43:06,2016-10-29 04:03:49,16.4310532407407,-53.2138792721228,"Y","N",0
"Southern Giant Petrel","SGP11_102017",88.9,"Female",2031.42797805199,2017-10-04 13:47:50,2017-10-26 12:52:01,21.9612384259259,-49.128122539272,"Y","Y",1.89125295508274
"Southern Giant Petrel","SGP11_KD_SEP_2015",91.5,"Female",1021.0072708907,2015-10-07 05:38:47,2015-10-17 15:54:15,10.4274074074074,-49.5303513694268,"Y","N",0
"Southern Giant Petrel","SGP12_03102016",92,"Female",1817.5224653138,2016-10-14 08:16:42,2016-10-29 04:46:47,14.854224537037,-55.897833879661,"Y","N",0
"Southern Giant Petrel","SGP12_102017",98.2,"Male",49.6967549025138,2017-10-08 20:25:37,2017-10-13 02:52:55,4.26895833333333,-46.9640032048544,"N","Y",72.2772277227723
"Southern Giant Petrel","SGP12_KD_SEP_2015",106.6,"Male",9.49036371191383,2015-10-06 10:00:46,2015-10-10 12:22:33,4.09846064814815,-46.9645582474227,"N","Y",45.9770114942529
"Southern Giant Petrel","SGP13_03102016",91.6,"Female",1572.83167726394,2016-10-03 12:21:25,2016-10-24 07:20:16,20.7908680555556,-50.516180862173,"Y","N",0.271739130434783
"Southern Giant Petrel","SGP13_102017",NA,"Male",1468.91849967312,2017-10-11 12:58:12,2017-10-29 14:21:50,18.0580787037037,-51.8646321444444,"Y","N",0.232558139534884
"Southern Giant Petrel","SGP14_03102016",90.6,"Female",2343.54611488583,2016-10-11 15:21:57,2016-10-29 03:51:14,17.5203356481481,-51.4590164942584,"Y","N",0
"Southern Giant Petrel","SGP14_KD_SEP_2015",89.9,"Female",1089.02865239526,2015-10-05 11:24:58,2015-10-14 16:41:04,9.21951388888889,-48.4744641784038,"Y","N",0
"Southern Giant Petrel","SGP15_102017",90.2,"Female",1095.29530108228,2017-10-05 06:53:35,2017-10-15 08:39:55,10.0738425925926,-49.4811703033195,"Y","N",0
"Southern Giant Petrel","SGP16_102017",83,"Female",1090.74212163324,2017-10-17 05:50:25,2017-11-02 05:39:54,15.9926967592593,-48.7319292315927,"Y","Y",0
"Southern Giant Petrel","SGP16_KD_SEP_2015",89.8,"Female",1669.34634313353,2015-10-08 18:26:04,2015-10-20 16:33:03,11.9215162037037,-53.4412567054264,"Y","N",0
"Southern Giant Petrel","SGP17_03102016",117.9,"Male",9.49147594166848,2016-10-07 18:24:57,2016-10-12 06:03:02,4.48478009259259,-46.9643974046296,"N","Y",45.2830188679245
"Southern Giant Petrel","SGP17_102017",88.2,"Female",1716.88900010519,2017-10-05 10:11:06,2017-10-18 08:02:48,12.9109027777778,-49.7220491061489,"Y","N",0
"Southern Giant Petrel","SGP17_KD_SEP_2015",101.3,"Male",1735.90025936433,2015-10-06 16:44:58,2015-10-20 15:06:03,13.9313078703704,-53.6581165853659,"Y","N",0
"Southern Giant Petrel","SGP18_03102016",107.2,"Male",9.61362131976426,2016-10-12 23:17:40,2016-10-17 13:48:36,4.60481481481481,-46.9677167864865,"N","Y",44.8598130841121
"Southern Giant Petrel","SGP18_102017",89,"Female",847.764702494359,2017-10-13 13:07:29,2017-10-21 12:02:38,7.95496527777778,-48.9102309403141,"Y","N",0
"Southern Giant Petrel","SGP18_KD_SEP_2015",87.9,"Female",1573.71141637591,2015-10-06 09:54:05,2015-10-16 19:24:35,10.3961805555556,-50.1334957939914,"Y","N",0
"Southern Giant Petrel","SGP19_KD_SEP_2015",105.5,"Male",9.75172144324074,2015-10-06 06:52:09,2015-10-09 14:27:42,3.31635416666667,-46.9652366666667,"N","Y",42
"Southern Giant Petrel","SGP20_102017",87.1,"Female",379.675863275693,2017-10-06 02:28:25,2017-10-09 16:09:18,3.57005787037037,-48.8431611023256,"Y","N",0
"Southern Giant Petrel","SGP22_102017",84.9,"Female",583.756531079932,2017-10-19 08:45:00,2017-10-24 05:35:30,4.86840277777778,-47.915686887931,"Y","N",9.64912280701754
